comments,duration,event,languages,main_speaker,name,num_speaker,views2,tags,number,lengths,views

371,349,TED2011,47,Graham Hill,"Less stuff, more happiness",1,3729820,technology,35,4,22270883
465,1080,TED2007,38,Isabel Allende,Tales of passion,1,3741423,entertainment,24,3,21190883
919,992,TED2006,31,Julia Sweeney,Letting go of God,1,3769987,science,22,4,20685401
205,518,TED2013,29,Edith Widder,How we found the giant squid,1,3773245,business,18,6,17629275
717,1421,TED2012,32,Bryan Stevenson,We need to talk about an injustice,1,3791888,global issue,17,7,14745406
166,400,TED2015,42,Bill Gross,The single biggest reason why startups succeed,1,3811316,psychology,16,7,14689301
425,1206,TED2010,38,Daniel Kahneman,The riddle of experience vs. memory,1,3841631,brian,14,6,13926113
181,411,TED2010,34,Tom Wujec,"Build a tower, build a team",1,3917039,education,12,6,13327101
432,1414,TED2007,35,VS Ramachandran,3 clues to understanding your brain,1,3930186,design,10,6,13155478
480,1071,TED2011,42,Kathryn Schulz,On being wrong,1,3976339,performance,9,3,12005869
304,493,TED2007,32,Theo Jansen,"My creations, a new form of life",1,3982352,happiness,8,7,11443190
243,1135,TED2004,34,Mihaly Csikszentmihalyi,"Flow, the secret to happiness",1,4016531,humor,8,5,10841210
507,544,TED2011,41,Eli Pariser,"Beware online ""filter bubbles""",1,4039403,demo,7,4,10529854
421,2102,TED2014,31,Edward Snowden,Here's how we take back the Internet,1,4040280,music,7,7,10167161
671,857,TED2013,37,Eleanor Longden,The voices in my head,1,4058274,work,7,5,9753630
356,1064,TED2008,28,Paul Stamets,6 ways mushrooms can save the world,1,4060628,children,7,7,9551344
587,1188,TED2012,33,Sherry Turkle,"Connected, but alone?",1,4066376,storytelling,7,3,9315931
534,1146,TED2005,35,Brian Greene,Making sense of string theory,1,4119616,dance,6,5,9315483
585,1202,TED2010,38,William Li,Can we eat to starve cancer?,1,4149065,poetry,6,6,9260764
296,1929,TED2003,32,Evelyn Glennie,How to truly listen,1,4165572,live music,5,4,9006600
224,1422,TED2004,36,Martin Seligman,The new era of positive psychology,1,4190393,creativity,5,6,8958850
1586,1339,TED2013,33,Allan Savory,How to fight desertification and reverse climate change,1,4191678,mind,5,8,8838874
109,1868,TED2005,21,Lennart Green,Close-up card magic with a twist,1,4204848,,,6,8655723
328,1128,TED2009,39,Oliver Sacks,What hallucination reveals about our minds,1,4233352,,,6,8360707
376,1006,TED2012,34,Vijay Kumar,Robots that fly ... and cooperate,1,4234334,,,5,8218896
59,915,TED2016,29,Brian Little,"Who are you, really? The puzzle of personality",1,4235594,,,8,7988894
1451,1134,TED2013,27,Dan Pallotta,The way we think about charity is dead wrong,1,4259204,,,9,7638978
588,274,TED2009,48,Jay Walker,The world's English mania,1,4289903,,,4,7520736
948,1669,TED2010,38,Bill Gates,Innovating to zero!,1,4329332,,,3,7481004
435,558,TED2007,40,Gever Tulley,5 dangerous things you should let your kids do,1,4364865,,,9,7373875
6404,1750,TED2002,42,Richard Dawkins,Militant atheism,1,4374792,,,2,7271730
383,1183,TED2010,37,Temple Grandin,The world needs all kinds of minds,1,4375111,,,7,7266316
213,706,TED2012,34,David Kelley,How to build your creative confidence,1,4389731,,,6,7023562
242,527,TED2006,27,Jeff Han,The radical promise of the multi-touch interface,1,4531020,,,8,7015800
269,649,TED2013,31,Jack Andraka,A promising test for pancreatic cancer ... from a teenager,1,4538435,,,9,6803938
417,1264,TED2013,32,Elon Musk,"The mind behind Tesla, SpaceX, SolarCity ...",1,4564213,,,6,6636475
1309,1203,TED2010,34,Jane McGonigal,Gaming can make a better world,1,4573252,,,6,6484404
109,1098,TED2015,23,Roman Mars,Why city flags may be the worst-designed thing you've never noticed,1,4597270,,,12,6475731
548,1227,TED2011,43,Sal Khan,Let's use video to reinvent education,1,4609857,,,6,6406853
174,352,TED2015,36,Greg Gage,How to control someone else's arm with your brain,1,4614317,,,9,6263759
417,550,TED2014,40,Zak Ebrahim,I am the son of a terrorist. Here's how I chose peace.,1,4619628,,,12,6214152
105,1071,TED2017,26,Shah Rukh Khan,"Thoughts on humanity, fame and love",1,4642478,,,6,6141440
299,446,TED2011,51,Ron Gutman,The hidden power of smiling,1,4653286,,,5,5842377
240,1228,TED2012,34,Joshua Foer,Feats of memory anyone can do,1,4754217,,,6,5666038
795,492,TED2010,58,Adora Svitak,What adults can learn from kids,1,4782854,,,6,5570544
172,1102,TED2014,29,Chris Hadfield,What I learned from going blind in space,1,4790701,,,8,5483940
224,1227,TED2014,29,Andrew Solomon,How the worst moments in our lives make us who we are,1,4801456,,,12,5364639
323,344,TED2013,44,David Pogue,10 top time-saving tech tips,1,4843480,,,6,5316753
229,956,TED2008,33,Helen Fisher,The brain in love,1,4883112,,,4,5199008
269,1056,TED2001,27,John Wooden,The difference between winning and succeeding,1,4891781,,,6,4962607
191,648,TED2014,36,Shai Reshef,An ultra-low-cost college degree,1,4962607,,,6,4891781
129,527,TED2013,32,Sleepy Man Banjo Boys,Bluegrass virtuosity from ... New Jersey?,1,5199008,,,5,4883112
720,723,TED2013,34,Shane Koyczan,To This Day ... for the bullied and beautiful,1,5316753,,,8,4843480
494,805,TED2006,41,Michael Shermer,Why people believe weird things,1,5364639,,,5,4801456
258,340,TED2008,36,Johnny Lee,Free or cheap Wii Remote hacks,1,5483940,,,6,4790701
220,1021,TED2003,31,Seth Godin,How to get your ideas to spread,1,5570544,,,7,4782854
250,2450,TED2017,21,Elon Musk,The future we're building -- and boring,1,5666038,,,6,4754217
383,1396,TED2008,33,Philip Zimbardo,The psychology of evil,1,5842377,,,4,4653286
185,1136,TED2004,26,Ze Frank,Nerdcore comedy,1,6141440,,,2,4642478
244,1147,TED2015,31,BJ Miller,What really matters at the end of life,1,6214152,,,8,4619628
309,179,TED2005,59,Terry Moore,How to tie your shoes,1,6263759,,,5,4614317
107,816,TED2016,38,Kang Lee,Can you really tell if a kid is lying?,1,6406853,,,9,4609857
422,189,TED2010,65,Derek Sivers,How to start a movement,1,6475731,,,5,4597270
135,925,TED2016,33,Adam Grant,The surprising habits of original thinkers,1,6484404,,,6,4573252
394,302,TED2011,53,Ric Elias,3 things I learned while my plane crashed,1,6636475,,,8,4564213
294,719,TED2014,38,Simon Sinek,Why good leaders make you feel safe,1,6803938,,,7,4538435
208,444,TED2014,38,Louie Schwartzberg,Hidden miracles of the natural world,1,7015800,,,6,4531020
355,1050,TED2004,37,Malcolm Gladwell,"Choice, happiness and spaghetti sauce",1,7023562,,,5,4389731
1234,1008,TED2010,57,Ken Robinson,Bring on the learning revolution!,1,7266316,,,5,4375111
412,1254,TED2004,39,Matthieu Ricard,The habits of happiness,1,7271730,,,4,4374792
219,628,TED2013,35,BLACK,My journey to yo-yo mastery,1,7373875,,,6,4364865
542,1060,TED2011,37,David Christian,The history of our world in 18 minutes,1,7481004,,,8,4329332
316,1140,TED2014,27,Hugh Herr,"The new bionics that let us run, climb and dance",1,7520736,,,10,4289903
1137,1313,TED2010,49,Jamie Oliver,Teach every child about food,1,7638978,,,5,4259204
370,1291,TED2015,32,Esther Perel,Rethinking infidelity ... a talk for anyone who has ever loved,1,8218896,,,10,4235594
604,914,TED2005,44,Arthur Benjamin,"A performance of ""Mathemagic""",1,8360707,,,4,4234334
551,612,TED2008,39,Stephen Hawking,Questioning the universe,1,8655723,,,3,4233352
736,207,TED2011,72,Matt Cutts,Try something new for 30 days,1,8838874,,,6,4204848
937,889,TED2013,34,Meg Jay,Why 30 is not the new 20,1,8958850,,,7,4191678
838,827,TED2013,40,Amanda Palmer,The art of asking,1,9006600,,,3,4190393
556,1407,TED2006,33,Helen Fisher,"Why we love, why we cheat",1,9260764,,,6,4165572
638,1243,TED2008,45,Benjamin Zander,The transformative power of classical music,1,9315483,,,6,4149065
253,583,TED2012,28,Reggie Watts,Beats that defy boxes,1,9315931,,,4,4119616
902,735,TED2013,41,Hyeonseo Lee,My escape from North Korea,1,9551344,,,5,4066376
768,522,TED2009,43,Pattie Maes + Pranav Mistry,Meet the SixthSense interaction,2,9753630,,,4,4060628
439,1081,TED2012,30,Jon Ronson,Strange answers to the psychopath test,1,10167161,,,6,4058274
645,1105,TED2011,42,Sarah Kay,If I should have a daughter ...,1,10529854,,,6,4040280
578,210,TED2005,66,Richard St. John,8 secrets of success,1,10841210,,,4,4039403
1355,1346,TED2015,41,Monica Lewinsky,The price of shame,1,11443190,,,4,4016531
593,1190,TED2006,48,Hans Rosling,The best stats you've ever seen,1,12005869,,,6,3982352
1604,1149,TED2009,49,Elizabeth Gilbert,Your elusive creative genius,1,13155478,,,4,3976339
669,1189,TED2004,28,Keith Barry,Brain magic,1,13327101,,,2,3930186
554,327,TED2007,47,David Gallo,Underwater astonishments,1,13926113,,,2,3917039
970,1276,TED2004,43,Dan Gilbert,The surprising science of happiness,1,14689301,,,5,3841631
310,843,TED2016,40,Tim Urban,Inside the mind of a master procrastinator,1,14745406,,,7,3811316
1155,1144,TED2012,44,Susan Cain,The power of introverts,1,17629275,,,4,3791888
672,1305,TED2006,36,Tony Robbins,Why we do what we do,1,20685401,,,6,3773245
2877,1099,TED2008,49,Jill Bolte Taylor,My stroke of insight,1,21190883,,,4,3769987
354,1003,TED2009,37,Mary Roach,10 things you didn't know about orgasm,1,22270883,,,7,3741423
,,,,,,,,,,4,3729820
,,,,,,,,,,5,3661633
,,,,,,,,,,8,3643938
,,,,,,,,,,3,3519656
,,,,,,,,,,5,3472415
,,,,,,,,,,11,3460338
,,,,,,,,,,6,3450119
,,,,,,,,,,5,3433437
,,,,,,,,,,6,3421371
,,,,,,,,,,6,3399887
,,,,,,,,,,4,3387765
,,,,,,,,,,5,3362099
,,,,,,,,,,5,3351267
,,,,,,,,,,6,3327164
,,,,,,,,,,5,3325490
,,,,,,,,,,4,3303825
,,,,,,,,,,5,3257749
,,,,,,,,,,7,3247638
,,,,,,,,,,4,3243784
,,,,,,,,,,4,3200520
,,,,,,,,,,7,3192405
,,,,,,,,,,10,3183828
,,,,,,,,,,6,3158067
,,,,,,,,,,7,3148366
,,,,,,,,,,5,3133189
,,,,,,,,,,13,3130752
,,,,,,,,,,4,3095993
,,,,,,,,,,5,3095075
,,,,,,,,,,2,3074172
,,,,,,,,,,6,3062980
,,,,,,,,,,4,3061003
,,,,,,,,,,4,3055565
,,,,,,,,,,4,3051507
,,,,,,,,,,7,3005687
,,,,,,,,,,9,2991225
,,,,,,,,,,5,2954577
,,,,,,,,,,5,2950307
,,,,,,,,,,6,2895821
,,,,,,,,,,5,2890269
,,,,,,,,,,5,2863214
,,,,,,,,,,7,2841795
,,,,,,,,,,10,2832581
,,,,,,,,,,7,2824676
,,,,,,,,,,6,2797058
,,,,,,,,,,5,2785058
,,,,,,,,,,4,2783715
,,,,,,,,,,3,2782822
,,,,,,,,,,11,2780484
,,,,,,,,,,6,2735769
,,,,,,,,,,4,2725557
,,,,,,,,,,7,2724208
,,,,,,,,,,9,2715019
,,,,,,,,,,6,2702500
,,,,,,,,,,6,2702470
,,,,,,,,,,8,2679881
,,,,,,,,,,4,2676717
,,,,,,,,,,6,2664733
,,,,,,,,,,4,2634359
,,,,,,,,,,3,2627709
,,,,,,,,,,10,2626483
,,,,,,,,,,6,2618738
,,,,,,,,,,4,2613400
,,,,,,,,,,4,2611707
,,,,,,,,,,4,2598055
,,,,,,,,,,7,2567958
,,,,,,,,,,8,2560359
,,,,,,,,,,5,2558702
,,,,,,,,,,4,2532851
,,,,,,,,,,8,2527133
,,,,,,,,,,5,2526255
,,,,,,,,,,8,2520181
,,,,,,,,,,6,2500023
,,,,,,,,,,7,2498698
,,,,,,,,,,4,2477746
,,,,,,,,,,5,2475423
,,,,,,,,,,7,2471075
,,,,,,,,,,4,2467385
,,,,,,,,,,5,2449740
,,,,,,,,,,6,2442996
,,,,,,,,,,3,2442977
,,,,,,,,,,5,2434344
,,,,,,,,,,5,2428958
,,,,,,,,,,4,2399273
,,,,,,,,,,8,2398373
,,,,,,,,,,4,2373021
,,,,,,,,,,4,2350678
,,,,,,,,,,9,2306549
,,,,,,,,,,11,2305547
,,,,,,,,,,6,2300106
,,,,,,,,,,8,2299265
,,,,,,,,,,4,2293465
,,,,,,,,,,4,2293317
,,,,,,,,,,4,2290464
,,,,,,,,,,4,2283491
,,,,,,,,,,8,2275945
,,,,,,,,,,6,2239259
,,,,,,,,,,7,2233265
,,,,,,,,,,8,2224913
,,,,,,,,,,5,2212944
,,,,,,,,,,8,2206061
,,,,,,,,,,5,2200326
,,,,,,,,,,5,2197377
,,,,,,,,,,3,2192828
,,,,,,,,,,6,2190919
,,,,,,,,,,4,2190746
,,,,,,,,,,7,2178952
,,,,,,,,,,7,2178534
,,,,,,,,,,4,2175141
,,,,,,,,,,7,2173228
,,,,,,,,,,5,2162764
,,,,,,,,,,5,2162439
,,,,,,,,,,6,2161846
,,,,,,,,,,3,2155416
,,,,,,,,,,9,2155099
,,,,,,,,,,7,2138907
,,,,,,,,,,3,2124521
,,,,,,,,,,5,2120292
,,,,,,,,,,5,2108816
,,,,,,,,,,6,2102608
,,,,,,,,,,4,2098639
,,,,,,,,,,3,2067955
,,,,,,,,,,6,2064604
,,,,,,,,,,5,2063367
,,,,,,,,,,5,2062308
,,,,,,,,,,6,2053453
,,,,,,,,,,4,2049904
,,,,,,,,,,6,2049103
,,,,,,,,,,7,2042978
,,,,,,,,,,6,2028451
,,,,,,,,,,4,2028383
,,,,,,,,,,3,2026001
,,,,,,,,,,7,2025005
,,,,,,,,,,5,2019969
,,,,,,,,,,9,2014461
,,,,,,,,,,5,2012387
,,,,,,,,,,7,2006050
,,,,,,,,,,8,2005189
,,,,,,,,,,5,2004519
,,,,,,,,,,8,2004123
,,,,,,,,,,3,1995401
,,,,,,,,,,4,1985679
,,,,,,,,,,7,1981978
,,,,,,,,,,8,1974007
,,,,,,,,,,5,1971157
,,,,,,,,,,10,1954438
,,,,,,,,,,9,1947342
,,,,,,,,,,7,1939539
,,,,,,,,,,5,1935213
,,,,,,,,,,6,1934877
,,,,,,,,,,11,1929261
,,,,,,,,,,6,1920434
,,,,,,,,,,8,1908266
,,,,,,,,,,6,1905680
,,,,,,,,,,8,1901605
,,,,,,,,,,4,1895259
,,,,,,,,,,8,1890978
,,,,,,,,,,5,1890066
,,,,,,,,,,6,1888717
,,,,,,,,,,5,1885751
,,,,,,,,,,6,1877673
,,,,,,,,,,7,1866264
,,,,,,,,,,7,1858990
,,,,,,,,,,3,1854024
,,,,,,,,,,11,1839891
,,,,,,,,,,5,1838628
,,,,,,,,,,4,1836382
,,,,,,,,,,7,1836233
,,,,,,,,,,7,1836106
,,,,,,,,,,3,1832930
,,,,,,,,,,6,1803069
,,,,,,,,,,8,1801117
,,,,,,,,,,6,1800490
,,,,,,,,,,7,1788182
,,,,,,,,,,7,1785193
,,,,,,,,,,3,1783740
,,,,,,,,,,9,1781721
,,,,,,,,,,7,1780746
,,,,,,,,,,5,1778606
,,,,,,,,,,4,1776779
,,,,,,,,,,8,1773697
,,,,,,,,,,8,1772635
,,,,,,,,,,7,1765153
,,,,,,,,,,3,1762302
,,,,,,,,,,6,1762082
,,,,,,,,,,9,1752014
,,,,,,,,,,6,1751426
,,,,,,,,,,4,1751030
,,,,,,,,,,7,1738331
,,,,,,,,,,6,1736329
,,,,,,,,,,5,1730653
,,,,,,,,,,8,1723874
,,,,,,,,,,8,1721411
,,,,,,,,,,3,1720579
,,,,,,,,,,5,1714168
,,,,,,,,,,6,1712075
,,,,,,,,,,6,1710873
,,,,,,,,,,6,1705702
,,,,,,,,,,12,1703367
,,,,,,,,,,13,1701743
,,,,,,,,,,3,1697550
,,,,,,,,,,6,1697185
,,,,,,,,,,5,1692225
,,,,,,,,,,6,1687185
,,,,,,,,,,6,1683456
,,,,,,,,,,5,1683410
,,,,,,,,,,6,1678493
,,,,,,,,,,11,1674355
,,,,,,,,,,4,1666552
,,,,,,,,,,5,1663001
,,,,,,,,,,5,1654299
,,,,,,,,,,9,1648677
,,,,,,,,,,7,1641675
,,,,,,,,,,4,1636425
,,,,,,,,,,2,1636292
,,,,,,,,,,5,1628912
,,,,,,,,,,8,1626686
,,,,,,,,,,4,1624716
,,,,,,,,,,6,1624605
,,,,,,,,,,5,1624428
,,,,,,,,,,7,1624248
,,,,,,,,,,7,1618434
,,,,,,,,,,6,1617977
,,,,,,,,,,4,1609555
,,,,,,,,,,5,1608679
,,,,,,,,,,8,1607427
,,,,,,,,,,5,1607397
,,,,,,,,,,8,1605113
,,,,,,,,,,5,1604402
,,,,,,,,,,6,1600522
,,,,,,,,,,2,1596067
,,,,,,,,,,5,1594241
,,,,,,,,,,11,1591696
,,,,,,,,,,9,1588740
,,,,,,,,,,4,1587823
,,,,,,,,,,9,1587546
,,,,,,,,,,4,1586547
,,,,,,,,,,4,1580239
,,,,,,,,,,11,1576773
,,,,,,,,,,7,1575699
,,,,,,,,,,10,1575381
,,,,,,,,,,7,1567528
,,,,,,,,,,8,1566854
,,,,,,,,,,10,1566602
,,,,,,,,,,7,1565486
,,,,,,,,,,8,1546610
,,,,,,,,,,8,1543588
,,,,,,,,,,6,1542898
,,,,,,,,,,4,1539504
,,,,,,,,,,2,1538107
,,,,,,,,,,3,1536873
,,,,,,,,,,7,1533054
,,,,,,,,,,10,1532875
,,,,,,,,,,4,1532675
,,,,,,,,,,11,1531675
,,,,,,,,,,12,1531606
,,,,,,,,,,6,1530711
,,,,,,,,,,13,1528815
,,,,,,,,,,7,1526242
,,,,,,,,,,5,1522858
,,,,,,,,,,4,1520908
,,,,,,,,,,5,1520108
,,,,,,,,,,6,1514014
,,,,,,,,,,6,1512972
,,,,,,,,,,6,1507409
,,,,,,,,,,5,1507048
,,,,,,,,,,10,1506064
,,,,,,,,,,10,1503016
,,,,,,,,,,9,1498103
,,,,,,,,,,6,1493866
,,,,,,,,,,9,1492275
,,,,,,,,,,7,1491698
,,,,,,,,,,5,1486880
,,,,,,,,,,8,1485761
,,,,,,,,,,4,1485196
,,,,,,,,,,5,1479503
,,,,,,,,,,5,1479352
,,,,,,,,,,5,1476377
,,,,,,,,,,12,1475823
,,,,,,,,,,6,1474192
,,,,,,,,,,5,1469884
,,,,,,,,,,7,1467971
,,,,,,,,,,7,1464877
,,,,,,,,,,7,1460352
,,,,,,,,,,7,1454663
,,,,,,,,,,4,1451846
,,,,,,,,,,5,1451649
,,,,,,,,,,9,1443340
,,,,,,,,,,3,1442990
,,,,,,,,,,7,1439616
,,,,,,,,,,8,1439341
,,,,,,,,,,10,1437353
,,,,,,,,,,10,1437261
,,,,,,,,,,5,1427723
,,,,,,,,,,10,1426970
,,,,,,,,,,4,1426390
,,,,,,,,,,5,1426132
,,,,,,,,,,7,1422767
,,,,,,,,,,6,1421509
,,,,,,,,,,10,1419325
,,,,,,,,,,11,1419314
,,,,,,,,,,6,1415724
,,,,,,,,,,5,1410164
,,,,,,,,,,9,1405909
,,,,,,,,,,4,1404984
,,,,,,,,,,4,1399811
,,,,,,,,,,9,1398751
,,,,,,,,,,9,1397126
,,,,,,,,,,6,1396369
,,,,,,,,,,5,1396197
,,,,,,,,,,6,1394503
,,,,,,,,,,6,1394203
,,,,,,,,,,6,1391142
,,,,,,,,,,9,1386424
,,,,,,,,,,6,1384333
,,,,,,,,,,3,1383079
,,,,,,,,,,11,1378298
,,,,,,,,,,8,1373382
,,,,,,,,,,6,1371482
,,,,,,,,,,6,1370710
,,,,,,,,,,11,1370547
,,,,,,,,,,8,1365646
,,,,,,,,,,4,1363726
,,,,,,,,,,9,1363680
,,,,,,,,,,11,1360404
,,,,,,,,,,4,1359400
,,,,,,,,,,6,1357888
,,,,,,,,,,8,1354522
,,,,,,,,,,3,1352069
,,,,,,,,,,6,1351691
,,,,,,,,,,7,1349028
,,,,,,,,,,12,1346060
,,,,,,,,,,9,1342356
,,,,,,,,,,9,1341106
,,,,,,,,,,7,1335732
,,,,,,,,,,6,1332785
,,,,,,,,,,6,1324929
,,,,,,,,,,3,1314201
,,,,,,,,,,7,1306390
,,,,,,,,,,11,1304737
,,,,,,,,,,3,1304597
,,,,,,,,,,7,1301734
,,,,,,,,,,6,1297943
,,,,,,,,,,10,1294952
,,,,,,,,,,7,1294171
,,,,,,,,,,7,1292110
,,,,,,,,,,12,1287111
,,,,,,,,,,8,1281570
,,,,,,,,,,5,1281099
,,,,,,,,,,5,1280829
,,,,,,,,,,6,1277619
,,,,,,,,,,12,1276015
,,,,,,,,,,7,1272198
,,,,,,,,,,10,1266485
,,,,,,,,,,11,1265177
,,,,,,,,,,10,1264166
,,,,,,,,,,4,1263442
,,,,,,,,,,7,1262674
,,,,,,,,,,7,1259603
,,,,,,,,,,2,1258574
,,,,,,,,,,12,1257079
,,,,,,,,,,8,1256969
,,,,,,,,,,10,1252289
,,,,,,,,,,7,1248458
,,,,,,,,,,9,1244502
,,,,,,,,,,8,1243930
,,,,,,,,,,5,1237391
,,,,,,,,,,7,1231423
,,,,,,,,,,5,1231159
,,,,,,,,,,9,1229640
,,,,,,,,,,8,1227480
,,,,,,,,,,8,1226441
,,,,,,,,,,3,1225960
,,,,,,,,,,9,1225763
,,,,,,,,,,6,1225718
,,,,,,,,,,8,1224191
,,,,,,,,,,8,1224127
,,,,,,,,,,8,1223720
,,,,,,,,,,7,1222800
,,,,,,,,,,6,1222519
,,,,,,,,,,8,1219295
,,,,,,,,,,4,1218882
,,,,,,,,,,4,1217412
,,,,,,,,,,3,1215947
,,,,,,,,,,5,1215662
,,,,,,,,,,6,1215549
,,,,,,,,,,8,1212774
,,,,,,,,,,4,1212346
,,,,,,,,,,6,1212079
,,,,,,,,,,8,1211416
,,,,,,,,,,5,1209663
,,,,,,,,,,6,1207550
,,,,,,,,,,5,1205867
,,,,,,,,,,6,1203056
,,,,,,,,,,8,1200139
,,,,,,,,,,9,1194762
,,,,,,,,,,7,1191591
,,,,,,,,,,8,1191342
,,,,,,,,,,7,1190085
,,,,,,,,,,6,1189513
,,,,,,,,,,4,1183303
,,,,,,,,,,8,1183075
,,,,,,,,,,4,1181696
,,,,,,,,,,4,1174189
,,,,,,,,,,10,1173235
,,,,,,,,,,8,1168080
,,,,,,,,,,8,1165313
,,,,,,,,,,7,1164777
,,,,,,,,,,7,1164684
,,,,,,,,,,6,1163387
,,,,,,,,,,5,1162011
,,,,,,,,,,12,1160841
,,,,,,,,,,6,1160672
,,,,,,,,,,10,1159426
,,,,,,,,,,8,1158707
,,,,,,,,,,8,1157388
,,,,,,,,,,6,1150409
,,,,,,,,,,4,1149257
,,,,,,,,,,7,1149090
,,,,,,,,,,3,1145700
,,,,,,,,,,12,1143028
,,,,,,,,,,5,1140425
,,,,,,,,,,10,1139827
,,,,,,,,,,5,1139732
,,,,,,,,,,6,1139068
,,,,,,,,,,5,1138566
,,,,,,,,,,5,1136037
,,,,,,,,,,5,1134737
,,,,,,,,,,6,1132964
,,,,,,,,,,8,1132913
,,,,,,,,,,3,1132752
,,,,,,,,,,5,1131864
,,,,,,,,,,11,1131041
,,,,,,,,,,8,1129577
,,,,,,,,,,2,1128896
,,,,,,,,,,8,1128212
,,,,,,,,,,5,1119772
,,,,,,,,,,7,1118006
,,,,,,,,,,5,1115081
,,,,,,,,,,4,1112914
,,,,,,,,,,7,1111146
,,,,,,,,,,3,1110781
,,,,,,,,,,5,1109822
,,,,,,,,,,5,1107307
,,,,,,,,,,3,1104345
,,,,,,,,,,7,1101811
,,,,,,,,,,3,1097511
,,,,,,,,,,8,1096198
,,,,,,,,,,6,1095806
,,,,,,,,,,8,1091988
,,,,,,,,,,7,1090180
,,,,,,,,,,8,1089949
,,,,,,,,,,9,1088768
,,,,,,,,,,4,1085152
,,,,,,,,,,6,1085138
,,,,,,,,,,5,1084634
,,,,,,,,,,6,1083424
,,,,,,,,,,7,1082869
,,,,,,,,,,7,1080869
,,,,,,,,,,7,1079698
,,,,,,,,,,5,1076279
,,,,,,,,,,5,1074081
,,,,,,,,,,7,1072727
,,,,,,,,,,10,1070238
,,,,,,,,,,3,1069653
,,,,,,,,,,4,1065681
,,,,,,,,,,6,1061964
,,,,,,,,,,6,1061687
,,,,,,,,,,10,1060918
,,,,,,,,,,6,1057238
,,,,,,,,,,4,1056435
,,,,,,,,,,4,1055904
,,,,,,,,,,4,1055886
,,,,,,,,,,4,1055562
,,,,,,,,,,6,1054600
,,,,,,,,,,4,1054590
,,,,,,,,,,5,1054415
,,,,,,,,,,8,1051614
,,,,,,,,,,9,1051530
,,,,,,,,,,14,1051196
,,,,,,,,,,4,1049727
,,,,,,,,,,10,1049652
,,,,,,,,,,7,1048304
,,,,,,,,,,5,1045631
,,,,,,,,,,7,1044185
,,,,,,,,,,6,1044038
,,,,,,,,,,8,1038727
,,,,,,,,,,7,1034518
,,,,,,,,,,6,1034064
,,,,,,,,,,6,1034009
,,,,,,,,,,5,1032549
,,,,,,,,,,7,1032390
,,,,,,,,,,8,1031398
,,,,,,,,,,6,1030267
,,,,,,,,,,10,1028548
,,,,,,,,,,10,1028312
,,,,,,,,,,9,1025698
,,,,,,,,,,10,1024661
,,,,,,,,,,6,1022457
,,,,,,,,,,5,1022333
,,,,,,,,,,8,1022042
,,,,,,,,,,5,1021180
,,,,,,,,,,3,1014201
,,,,,,,,,,7,1013879
,,,,,,,,,,6,1013266
,,,,,,,,,,4,1013063
,,,,,,,,,,7,1009069
,,,,,,,,,,6,1008394
,,,,,,,,,,10,1005506
,,,,,,,,,,3,1005088
,,,,,,,,,,7,1004893
,,,,,,,,,,4,1000194
,,,,,,,,,,5,996736
,,,,,,,,,,5,996694
,,,,,,,,,,6,993232
,,,,,,,,,,8,992773
,,,,,,,,,,6,991694
,,,,,,,,,,5,991359
,,,,,,,,,,3,990220
,,,,,,,,,,14,990084
,,,,,,,,,,7,987388
,,,,,,,,,,7,984223
,,,,,,,,,,7,983929
,,,,,,,,,,6,981351
,,,,,,,,,,4,979094
,,,,,,,,,,3,978825
,,,,,,,,,,5,976473
,,,,,,,,,,5,975115
,,,,,,,,,,7,975107
,,,,,,,,,,4,974087
,,,,,,,,,,8,973376
,,,,,,,,,,8,971212
,,,,,,,,,,6,967741
,,,,,,,,,,3,967704
,,,,,,,,,,6,967667
,,,,,,,,,,8,966439
,,,,,,,,,,12,961423
,,,,,,,,,,13,961158
,,,,,,,,,,11,959460
,,,,,,,,,,6,959404
,,,,,,,,,,6,959382
,,,,,,,,,,7,956539
,,,,,,,,,,8,955827
,,,,,,,,,,3,953825
,,,,,,,,,,6,948840
,,,,,,,,,,6,948459
,,,,,,,,,,6,946815
,,,,,,,,,,5,944836
,,,,,,,,,,4,943565
,,,,,,,,,,5,942604
,,,,,,,,,,6,940913
,,,,,,,,,,4,940703
,,,,,,,,,,5,938456
,,,,,,,,,,4,933319
,,,,,,,,,,8,933311
,,,,,,,,,,8,931677
,,,,,,,,,,5,931567
,,,,,,,,,,5,931001
,,,,,,,,,,3,930647
,,,,,,,,,,10,929167
,,,,,,,,,,5,929077
,,,,,,,,,,6,928270
,,,,,,,,,,6,925733
,,,,,,,,,,13,923916
,,,,,,,,,,6,923663
,,,,,,,,,,7,922923
,,,,,,,,,,7,922158
,,,,,,,,,,6,920941
,,,,,,,,,,4,914212
,,,,,,,,,,6,914011
,,,,,,,,,,7,911601
,,,,,,,,,,4,909508
,,,,,,,,,,4,909309
,,,,,,,,,,6,908923
,,,,,,,,,,10,907844
,,,,,,,,,,6,907147
,,,,,,,,,,6,907047
,,,,,,,,,,4,906262
,,,,,,,,,,7,904813
,,,,,,,,,,3,904520
,,,,,,,,,,5,904215
,,,,,,,,,,9,902761
,,,,,,,,,,3,900005
,,,,,,,,,,9,895199
,,,,,,,,,,4,890748
,,,,,,,,,,6,890283
,,,,,,,,,,11,888252
,,,,,,,,,,7,885494
,,,,,,,,,,6,884578
,,,,,,,,,,4,882034
,,,,,,,,,,5,881842
,,,,,,,,,,4,876649
,,,,,,,,,,5,876307
,,,,,,,,,,11,876021
,,,,,,,,,,12,874817
,,,,,,,,,,4,872641
,,,,,,,,,,5,872169
,,,,,,,,,,5,870412
,,,,,,,,,,9,868290
,,,,,,,,,,5,867495
,,,,,,,,,,5,860139
,,,,,,,,,,5,857400
,,,,,,,,,,3,857205
,,,,,,,,,,5,857181
,,,,,,,,,,6,856326
,,,,,,,,,,4,855052
,,,,,,,,,,7,854967
,,,,,,,,,,5,851719
,,,,,,,,,,4,849859
,,,,,,,,,,2,843859
,,,,,,,,,,10,840855
,,,,,,,,,,5,838799
,,,,,,,,,,8,837568
,,,,,,,,,,6,837508
,,,,,,,,,,5,834897
,,,,,,,,,,6,834190
,,,,,,,,,,9,833015
,,,,,,,,,,4,832668
,,,,,,,,,,6,829988
,,,,,,,,,,4,827607
,,,,,,,,,,11,823110
,,,,,,,,,,4,820295
,,,,,,,,,,9,811599
,,,,,,,,,,7,809398
,,,,,,,,,,3,807628
,,,,,,,,,,5,805111
,,,,,,,,,,11,803813
,,,,,,,,,,5,800056
,,,,,,,,,,8,799873
,,,,,,,,,,5,799797
,,,,,,,,,,3,794615
,,,,,,,,,,4,792495
,,,,,,,,,,2,790122
,,,,,,,,,,2,785872
,,,,,,,,,,5,785293
,,,,,,,,,,5,784642
,,,,,,,,,,3,779873
,,,,,,,,,,5,777609
,,,,,,,,,,5,777079
,,,,,,,,,,6,775430
,,,,,,,,,,3,774492
,,,,,,,,,,8,773317
,,,,,,,,,,6,771144
,,,,,,,,,,5,769926
,,,,,,,,,,5,767660
,,,,,,,,,,5,766536
,,,,,,,,,,3,764982
,,,,,,,,,,5,764971
,,,,,,,,,,10,761258
,,,,,,,,,,11,760225
,,,,,,,,,,7,754700
,,,,,,,,,,7,751889
,,,,,,,,,,4,748739
,,,,,,,,,,7,747979
,,,,,,,,,,8,745252
,,,,,,,,,,8,745231
,,,,,,,,,,7,744448
,,,,,,,,,,5,744257
,,,,,,,,,,6,742510
,,,,,,,,,,6,739690
,,,,,,,,,,2,738590
,,,,,,,,,,4,737937
,,,,,,,,,,4,737230
,,,,,,,,,,5,736290
,,,,,,,,,,3,735638
,,,,,,,,,,5,734861
,,,,,,,,,,10,734095
,,,,,,,,,,5,729993
,,,,,,,,,,4,727487
,,,,,,,,,,6,727247
,,,,,,,,,,8,724833
,,,,,,,,,,6,724773
,,,,,,,,,,7,724180
,,,,,,,,,,9,723599
,,,,,,,,,,3,721731
,,,,,,,,,,6,718649
,,,,,,,,,,7,717979
,,,,,,,,,,6,717002
,,,,,,,,,,9,710619
,,,,,,,,,,6,708408
,,,,,,,,,,6,707524
,,,,,,,,,,6,704205
,,,,,,,,,,6,703439
,,,,,,,,,,5,700273
,,,,,,,,,,11,698636
,,,,,,,,,,4,697257
,,,,,,,,,,5,694378
,,,,,,,,,,6,693341
,,,,,,,,,,7,691814
,,,,,,,,,,6,691593
,,,,,,,,,,8,690928
,,,,,,,,,,5,686914
,,,,,,,,,,5,684929
,,,,,,,,,,6,680984
,,,,,,,,,,1,680591
,,,,,,,,,,6,680486
,,,,,,,,,,5,680134
,,,,,,,,,,3,679711
,,,,,,,,,,5,677150
,,,,,,,,,,6,674090
,,,,,,,,,,6,672797
,,,,,,,,,,3,672254
,,,,,,,,,,2,672113
,,,,,,,,,,9,669088
,,,,,,,,,,11,668555
,,,,,,,,,,5,665959
,,,,,,,,,,7,661645
,,,,,,,,,,5,660909
,,,,,,,,,,6,657688
,,,,,,,,,,5,657251
,,,,,,,,,,5,656762
,,,,,,,,,,5,656400
,,,,,,,,,,9,654080
,,,,,,,,,,4,652315
,,,,,,,,,,5,651717
,,,,,,,,,,7,651151
,,,,,,,,,,6,644637
,,,,,,,,,,5,643078
,,,,,,,,,,8,643011
,,,,,,,,,,4,642201
,,,,,,,,,,6,640744
,,,,,,,,,,1,640734
,,,,,,,,,,6,636463
,,,,,,,,,,6,630784
,,,,,,,,,,8,630431
,,,,,,,,,,4,629753
,,,,,,,,,,4,626886
,,,,,,,,,,5,625454
,,,,,,,,,,4,624544
,,,,,,,,,,6,621547
,,,,,,,,,,6,621361
,,,,,,,,,,6,620806
,,,,,,,,,,5,619489
,,,,,,,,,,6,616385
,,,,,,,,,,6,613676
,,,,,,,,,,8,612934
,,,,,,,,,,8,612377
,,,,,,,,,,7,611092
,,,,,,,,,,8,610454
,,,,,,,,,,5,609087
,,,,,,,,,,3,606311
,,,,,,,,,,6,606042
,,,,,,,,,,6,603657
,,,,,,,,,,5,602024
,,,,,,,,,,5,596961
,,,,,,,,,,3,594523
,,,,,,,,,,7,594111
,,,,,,,,,,7,591379
,,,,,,,,,,9,591131
,,,,,,,,,,7,589931
,,,,,,,,,,4,585052
,,,,,,,,,,6,581419
,,,,,,,,,,3,577502
,,,,,,,,,,5,577356
,,,,,,,,,,2,575346
,,,,,,,,,,4,565020
,,,,,,,,,,6,558993
,,,,,,,,,,4,556657
,,,,,,,,,,6,555846
,,,,,,,,,,6,554650
,,,,,,,,,,2,545664
,,,,,,,,,,6,541076
,,,,,,,,,,6,538014
,,,,,,,,,,10,534824
,,,,,,,,,,6,533761
,,,,,,,,,,3,532759
,,,,,,,,,,9,527314
,,,,,,,,,,11,526794
,,,,,,,,,,7,524790
,,,,,,,,,,6,522917
,,,,,,,,,,5,522578
,,,,,,,,,,4,522550
,,,,,,,,,,7,518624
,,,,,,,,,,2,513672
,,,,,,,,,,5,513090
,,,,,,,,,,6,512588
,,,,,,,,,,6,509375
,,,,,,,,,,8,507997
,,,,,,,,,,4,501256
,,,,,,,,,,4,501090
,,,,,,,,,,5,497899
,,,,,,,,,,4,497449
,,,,,,,,,,6,497153
,,,,,,,,,,4,493966
,,,,,,,,,,4,490275
,,,,,,,,,,5,487972
,,,,,,,,,,4,487630
,,,,,,,,,,8,487378
,,,,,,,,,,6,486269
,,,,,,,,,,5,482996
,,,,,,,,,,6,480377
,,,,,,,,,,8,473165
,,,,,,,,,,7,462619
,,,,,,,,,,5,461382
,,,,,,,,,,3,457492
,,,,,,,,,,9,450430
,,,,,,,,,,4,443180
,,,,,,,,,,4,442623
,,,,,,,,,,2,442553
,,,,,,,,,,5,438972
,,,,,,,,,,6,437529
,,,,,,,,,,4,437132
,,,,,,,,,,8,434005
,,,,,,,,,,4,429967
,,,,,,,,,,8,429084
,,,,,,,,,,4,428351
,,,,,,,,,,6,427878
,,,,,,,,,,4,426610
,,,,,,,,,,5,425429
,,,,,,,,,,6,417728
,,,,,,,,,,6,417470
,,,,,,,,,,5,414396
,,,,,,,,,,2,412154
,,,,,,,,,,6,411647
,,,,,,,,,,6,410563
,,,,,,,,,,5,404402
,,,,,,,,,,5,403708
,,,,,,,,,,4,403555
,,,,,,,,,,1,403089
,,,,,,,,,,3,401015
,,,,,,,,,,3,398835
,,,,,,,,,,6,398713
,,,,,,,,,,10,391721
,,,,,,,,,,5,391427
,,,,,,,,,,4,389813
,,,,,,,,,,7,387877
,,,,,,,,,,5,385647
,,,,,,,,,,6,384641
,,,,,,,,,,8,383080
,,,,,,,,,,6,382996
,,,,,,,,,,6,382985
,,,,,,,,,,7,382517
,,,,,,,,,,2,379382
,,,,,,,,,,4,375734
,,,,,,,,,,10,375647
,,,,,,,,,,5,375491
,,,,,,,,,,3,368513
,,,,,,,,,,7,362609
,,,,,,,,,,4,358304
,,,,,,,,,,6,352285
,,,,,,,,,,7,352252
,,,,,,,,,,3,352169
,,,,,,,,,,4,346702
,,,,,,,,,,5,344618
,,,,,,,,,,4,338831
,,,,,,,,,,3,327542
,,,,,,,,,,4,327406
,,,,,,,,,,6,326663
,,,,,,,,,,5,325148
,,,,,,,,,,3,324266
,,,,,,,,,,9,320717
,,,,,,,,,,2,311741
,,,,,,,,,,6,310446
,,,,,,,,,,4,308879
,,,,,,,,,,3,308276
,,,,,,,,,,5,296294
,,,,,,,,,,5,295059
,,,,,,,,,,5,294396
,,,,,,,,,,5,282994
,,,,,,,,,,3,258922
,,,,,,,,,,10,248411
,,,,,,,,,,5,246094
,,,,,,,,,,3,242975
,,,,,,,,,,6,217663
,,,,,,,,,,5,212202
,,,,,,,,,,3,197139
,,,,,,,,,,3,185275
,,,,,,,,,,6,182975
